content,content_type,tag,title
http://wx4.sinaimg.cn/mw690/5eef6257gy1g52h2l9568g20a705qu0x.gif,image,伤不起,没受过训练，离心力将血液涌向下半身，导致晕厥。
http://wx4.sinaimg.cn/large/9bd522c1ly1g4rftlj38wg208w08wb2c.gif,image,胖子,第一位加入挑战接龙的法系职业
http://wx3.sinaimg.cn/mw690/5eef6257gy1g4k3yvkr51g208c08cx6p.gif,image,车祸,驴：哎呦！我被追尾了！
http://wx3.sinaimg.cn/large/006KoWjPly1g4guz548ewg30dc07ge8c.gif,image,蛇,蛇：要不...中午吃个大的？
http://wx1.sinaimg.cn/large/0066t44ugy1g3x29475bfg306e06hqv5.gif,image,奇葩,老式收费站...
http://www.gaoxiaogif.com/d/file/201906/9fdeb4b8e658c00064a16830c81853d0.gif,image,内涵,感觉的场子明天就会倒闭！
http://wx1.sinaimg.cn/large/79a00895ly1g45czag7c2g206206jnpd.gif,image,逗比,现在的沙雕是越来越多了.....
http://wx4.sinaimg.cn/large/d54a1fa7ly1g3zvipkrsng20a008p1l2.gif,image,杯具,真是个浪漫的男人
http://wx1.sinaimg.cn/mw690/5eef6257gy1g40dpjoaoug208w05qu0x.gif,image,奇葩,这是什么神剧？也太扯了吧。
http://www.gaoxiaogif.com/d/file/201906/4a8b8d0b7a0494ca84447feff209839f.gif,image,秀恩爱,老娘还没脱单呢，想得美…
http://wx4.sinaimg.cn/mw690/9bd522c1ly1g3ok5sm7blg20690b4x6t.gif,image,不作死就不会死,感觉这哥们有望竞争达尔文奖
http://wx3.sinaimg.cn/large/5eef6257gy1g3nl1pa7stg207w0aku0x.gif,image,城会玩,人生如戏，全靠演技！妹子真会玩啊！
http://wx4.sinaimg.cn/large/79a00895ly1g3bi5mjo25g206h0bgnpd.gif,image,创意,谁知道这鞋子的设计理念是什么？
http://wx3.sinaimg.cn/large/d54a1fa7ly1g3853qazxtg20990991l1.gif,image,国外,胸肌发达的舞者 看到最后就知道了~
http://www.gaoxiaogif.com/d/file/201905/344d58654388763f464c5423371f1b88.gif,image,不忍直视,驰骋沙场，绝尘而去，这哪啊？
http://wx2.sinaimg.cn/large/79a00895ly1g2xpb2hiw1g206o090x6p.gif,image,囧,好想知道这个工作一个月多少钱
http://www.gaoxiaogif.com/d/file/201905/c9412402907117313d8cd63cea78899e.gif,image,万万没想到,一张动图告诉你们，买豪车的意义
http://www.gaoxiaogif.com/d/file/201905/aa0017bbeae7520f78d1c19b98b40845.gif,image,逗比,健身和不健身的区别
http://www.gaoxiaogif.com/d/file/201905/f69ecea63777df753ffb2e769121e987.gif,image,伤不起,补了两次身份证都没过，怎么回事？
http://www.gaoxiaogif.com/d/file/201905/4fe069556996e39ebbc38a8d1f654986.gif,image,二货,男子开偷来的挖掘机，把自动取款机掏出来带走了
http://www.gaoxiaogif.com/d/file/201904/536048013b741decd71aecd228e1f31a.gif,image,牛逼,好吧，这个好牛B，我承认我做不到。
http://www.gaoxiaogif.com/d/file/201904/4284ecc67154cb278cec43dac4147146.gif,image,喵星人,猫：你不敲门就进来，搞得我们很尴尬
http://www.gaoxiaogif.com/d/file/201904/de2d8688a75224a21572cfde6b874979.gif,image,杯具,幸好暂停了，不然就砸到了
http://wx2.sinaimg.cn/large/d54a1fa7ly1g282ac1kwyg20ak05yu0z.gif,image,马,畸形凹背马
http://wx4.sinaimg.cn/mw690/5eef6257gy1g26i6nm0jzg207s04hx6p.gif,image,伤不起,这是996的后果？？？
http://wx1.sinaimg.cn/mw690/5eef6257gy1g22zzfxslug209o0b4kjl.gif,image,大爷,你大爷还是你大爷，这骚操作学不来
http://wx4.sinaimg.cn/large/79a00895gy1g2259e5puqg205u099qv7.gif,image,浣熊,俄国浣熊
http://www.gaoxiaogif.com/d/file/201904/95aba2831f7432a71dbdf0f32b1eaefd.gif,image,萌萌哒,咦？这是肿么回事？
http://wx2.sinaimg.cn/mw690/5eef6257gy1g1uypuzm8og204g06o4qq.gif,image,不明觉厉,这治的什么病？？？
http://wx3.sinaimg.cn/large/9bd522c1ly1g1swnh3admg20hs0hs4qt.gif,image,不明觉厉,野生的保时捷捅了马蜂窝
http://wx1.sinaimg.cn/large/d54a1fa7ly1g1m8aqhb03g20as0gex6r.gif,image,不忍直视,过山车晕车！！这一吐，让张着嘴的咋办呀。
http://wx1.sinaimg.cn/mw690/5eef6257ly1g1jfdovi8hg205z06ykjm.gif,image,尴尬,比哈士奇还纯的男朋友
http://wx1.sinaimg.cn/large/9bd522c1ly1g1hk3ma4grg20ae0hde8b.gif,image,不明觉厉,医用床头柜，新型陪护床。
http://wx4.sinaimg.cn/large/005GK92ogy1fzmoxtzlicg30680awhdv.gif,image,奇葩,据说刀气可以除湿祛风寒！！！
http://wx4.sinaimg.cn/mw690/9bd522c1ly1g1aerxzutjg20fs08snpi.gif,image,车祸,不是踩个轮子就是三太子
http://wx3.sinaimg.cn/large/d54a1fa7ly1g19igx1rclg20cc0cc7wk.gif,image,青蛙,透明树蛙，可以看到心脏跳动
http://wx2.sinaimg.cn/large/0061GFAely1g17xok3396g303w06he81.gif,image,城会玩,想看看女朋友有没有整容，这样就对了！
http://wx4.sinaimg.cn/large/9bd522c1ly1g147avnmm7g203w067x6p.gif,image,福利,妹子教你如何下雨天不淋湿妆容
http://wx3.sinaimg.cn/mw690/5eef6257ly1g0zs68scbgg20hs0a0npd.gif,image,伤不起,据说这是婚后男人真实反应
http://wx2.sinaimg.cn/mw690/5eef6257ly1g0v475rbxwg20a006v7wi.gif,image,牛逼,反向仰卧起坐.....真心厉害，这个腰力，是个好腰~~~
http://wx4.sinaimg.cn/large/79a00895ly1g0rx135k6ig206p097e81.gif,image,汪星人,三天没出门的狗子
http://wx1.sinaimg.cn/large/9bd522c1ly1g0muns0nfrg20ba0a3he3.gif,image,足球,国足：什么玩意嗖带一下子
http://wx3.sinaimg.cn/mw690/9bd522c1ly1g0l6xltknkg20940g3hdv.gif,image,涨姿势,你以为网红真的有那么多白大腿，拍照前至少要补3个小时的粉
http://wx2.sinaimg.cn/large/0077U09Sgy1g078lk9qe8g30620aokjr.gif,image,邪恶,大自然的鬼斧神工
http://wx3.sinaimg.cn/large/006APoFYly1g05j2ctdi0g304604643p.gif,image,囧,情人节？不存在的？
http://wx4.sinaimg.cn/large/9bd522c1ly1g00ve1b5c6g207s0b4qve.gif,image,伤不起,女朋友给做的饼
http://wx1.sinaimg.cn/mw690/5eef6257gy1fzxnsgfso9g209606gx6p.gif,image,跳舞,骨科医院最喜欢的舞蹈，没有之一
http://wx2.sinaimg.cn/large/9bd522c1ly1fzsodbntfgg208w0cm1kz.gif,image,邪恶,足…足疗？
http://ww1.sinaimg.cn/bmiddle/9bd522c1ly1fzn0xhqexyg209g09g4qy.gif,image,涨姿势,那些又白又齐的牙齿都是这样来的
http://wx2.sinaimg.cn/mw690/5eef6257gy1fzktygkbpig206y0ahu10.gif,image,,这个主持人不错
http://wx1.sinaimg.cn/mw690/5eef6257gy1fzf8o2ndj5g205q08cx6p.gif,image,创意,这个保险柜很棒很有创意！
http://wx1.sinaimg.cn/mw690/5eef6257gy1fzcx499h95g207s07snpd.gif,image,高手在民间,高手在民间，失手在阴间，躺在太平间，视频留人间！
http://wx1.sinaimg.cn/mw690/5eef6257gy1fz9bz104wag206i08eu0x.gif,image,囧,道友，能否借个火？
http://wx2.sinaimg.cn/large/9bd522c1ly1fyzrs0hgsfg20ao0dcnpr.gif,image,牛逼,还真不是倒放
http://www.gaoxiaogif.com/d/file/201901/e78890c982d99ba8001e593c66acff1a.gif,image,万万没想到,论女人头发的重要性....
http://wx2.sinaimg.cn/large/9bd522c1ly1fz0xuuv2edg206k0awnpg.gif,image,喵星人,有了新人忘旧人
http://wx3.sinaimg.cn/mw690/5eef6257gy1fyywkljp3sg205507zu0x.gif,image,逗比,什么叫做一双眼睛毁了一张脸
http://wx3.sinaimg.cn/mw690/5eef6257gy1fyxr67jlcvg208c073ni9.gif,image,福利,导演：你右手不准加戏
http://wx2.sinaimg.cn/mw690/5eef6257gy1fyuaetxq7mg204v08cu0x.gif,image,美食,玉米夹烤肠？
http://wx4.sinaimg.cn/mw690/5eef6257gy1fys2aefib1g207n0b4x6p.gif,image,尴尬,这应变能力，一看就不是第一次
http://wx3.sinaimg.cn/mw690/5eef6257gy1fyqx5dd7phg207s05vu0x.gif,image,动漫,看过这个的小孩都上小学了吧！
http://www.gaoxiaogif.com/d/file/201904/92bbc3bbc951da16ffa333671aa7032e.gif,image,,女神吃辣条VS你吃辣条，哈哈哈够沙雕了
http://wx3.sinaimg.cn/mw690/0060lm7Tly1fymcbbzgyng30680aehdu.gif,image,城会玩,懒是人类进步的最大动力
http://www.gaoxiaogif.com/d/file/201905/a48bb7093d4bb7940d2c816e39e0c6de.gif,image,喵星人,按下猫星人手心后~~~
http://wx1.sinaimg.cn/mw690/5eef6257gy1fyhrabnkxrg206k0b17wk.gif,image,,住这里就是仙，就是风湿有点严重。。。
http://wx4.sinaimg.cn/large/9bd522c1ly1fydal14ljig20ee07uqvh.gif,image,伤不起,那个年代没有PS，应该是真的神仙
http://wx1.sinaimg.cn/large/6e7905a7gy1fy60dhs51kg205n0avnpe.gif,image,不忍直视,歪果丧尸大片泛滥，是因为他们没见过这种实用的设备
http://wx2.sinaimg.cn/large/938a7ac0ly1fy2x7lnopig207i0dcnpn.gif,image,伤不起,我油呢？都充空气里啦？
http://wx4.sinaimg.cn/large/006Jv1HMgy1fy5z4snvagg305206y7wi.gif,image,汪星人,一只超懂礼貌的狗狗！
http://wx2.sinaimg.cn/mw690/5eef6257gy1fy2ktf96fcg20b405yhdu.gif,image,城会玩,冬天的出门方式，姑娘们学到了吗
http://wx2.sinaimg.cn/mw690/5eef6257gy1fy0vh3anb2g208w0504kz.gif,image,牛逼,她那手势的意思是，蛤谟神功第八势？
http://wx2.sinaimg.cn/mw690/5eef6257gy1fxy1ik8qq9g208a08cx6p.gif,image,尴尬,我这饼还差点油，兄弟来借点你的头油用用！
http://wx3.sinaimg.cn/large/bfa35b39gy1fxthjkjv1ig205k087x6p.gif,image,城会玩,霸气的马尾辫
http://wx2.sinaimg.cn/mw690/5eef6257gy1fxtb2mbbydg20b4069u0x.gif,image,喵星人,好好做题，看老子干啥，老子脸上有答案吗
http://wx3.sinaimg.cn/large/5eef6257gy1fxq4c6gplsg204y08cu0x.gif,image,好玩的,科技实现了御剑水上漂的梦...
http://wx2.sinaimg.cn/mw690/0060lm7Tly1fxmqcqu7rvg307c0c3x6r.gif,image,尴尬,撞衫不可怕，谁小谁尴尬！
http://wx2.sinaimg.cn/large/0061GFAely1fwf2dqz3olg30a80i8hdv.gif,image,牛逼,会用舌头玩游戏的一定不是坏女孩
http://wx4.sinaimg.cn/mw690/5eef6257gy1fxd4wsyc5cg20e10b7qv7.gif,image,抢劫,转移视线，一招制敌
http://wx4.sinaimg.cn/mw690/5eef6257gy1fxb3j8y42ng205l0b4b2b.gif,image,碰瓷,这位碰瓷大爷的演技如何？
http://wx2.sinaimg.cn/large/d54a1fa7ly1fx37kr63rng208c0afqv7.gif,image,邪恶,抓住一切机会
http://wx1.sinaimg.cn/large/d54a1fa7ly1fx0us63zutg208w09qx6s.gif,image,二货,大巴~大巴~你为什么像个傻瓜
http://wx2.sinaimg.cn/mw690/5eef6257gy1fx0t34yrtrg206b0b4hdu.gif,image,万万没想到,社会路不好走啊，希望大家擦亮眼睛
http://wx4.sinaimg.cn/mw690/5eef6257gy1fwx81f2hypg208m08mx6v.gif,image,囧,Good morning 啊包租婆
http://ww1.sinaimg.cn/bmiddle/9bd522c1ly1fweom8hmaog20ao060e84.gif,image,屌炸天,这是传说中的后期么。。这么吊
http://wx3.sinaimg.cn/mw690/5eef6257gy1fwr56ncit6g207204vx6p.gif,image,邪恶,"我种下一颗种子,终于长出了妹子"
http://wx3.sinaimg.cn/large/d54a1fa7ly1fwih3cauz7g20ak0a7u0x.gif,image,不作死就不会死,他 走的很安详，一个泡都没有冒
http://wx2.sinaimg.cn/mw690/5eef6257gy1fwgnqq264pg20bp0c7qv5.gif,image,福利,哪一个回眸让你恋爱了？
http://wx3.sinaimg.cn/mw690/5eef6257gy1fwd9xdgf74g20690b4u0x.gif,image,变魔术,这绝对是新手 老手不会有这么多手指
http://wx4.sinaimg.cn/mw690/5eef6257gy1fwazvjsz56g20bo0bo1kx.gif,image,不明觉厉,洗脚鞋，看着就刺挠！
http://wx4.sinaimg.cn/large/d54a1fa7ly1fw2b2sn0klg208c0bhx6r.gif,image,猎奇,这是什么奇怪的料理！看起来像屁股，可能是牛胃？
http://wx2.sinaimg.cn/mw690/5eef6257gy1fvyubm5sosg204p08cx6p.gif,image,伤不起,这个技师也太得劲了
http://wx2.sinaimg.cn/large/5eef6257gy1fvrciraob7g206k09ab2c.gif,image,牛逼,牛逼了！完全看不出破绽啊！
http://wx4.sinaimg.cn/mw690/5eef6257gy1fvoyj4xoxyg209i0dcqv8.gif,image,汪星人,患难见真情啊，好香
http://wx4.sinaimg.cn/large/5eef6257gy1fvlhcl19zgg208p0b4b2b.gif,image,汪星人,好他妈憋屈！吃人家奶，还顶人家
http://wx2.sinaimg.cn/large/c93c417cly1fvet9qkjlmg205k08rx6p.gif,image,喵星人,虚胖小喵，了解一下！
http://wx1.sinaimg.cn/mw690/5eef6257gy1fvekf6wj9ug205r09qx6p.gif,image,碉堡,这样的作业是没有灵魂的！
http://wx2.sinaimg.cn/mw690/5eef6257gy1fvc7qyklq0g206a0b4e84.gif,image,涨姿势,原来电视剧里面的饭都是假的
http://wx3.sinaimg.cn/mw690/5eef6257gy1fvc7wgaoamg206h0a0kjq.gif,image,牛逼,不会火遁豪火球之术，都不好意思去当服务员
http://wx2.sinaimg.cn/mw690/5eef6257gy1fv9w87tmddg208w08wu0x.gif,image,西瓜,还以为是红色的皮蛋呢，没想到是…
http://wx3.sinaimg.cn/mw690/5eef6257gy1fv6guar1avg207809pu0x.gif,image,好玩的,这就是人肉战车吧
http://wx1.sinaimg.cn/large/d54a1fa7ly1fv3lrrjquhg20cc06yqv5.gif,image,伤不起,没有食指和小指的手
http://wx3.sinaimg.cn/mw690/5eef6257gy1fv0mfbi8p6g206m09zx6p.gif,image,大爷,就这么，大爷走了两条街逛了十几个刀剪摊位，终于把头剃好了
http://wx4.sinaimg.cn/large/d54a1fa7ly1fuwipbnk4hg208w0bae84.gif,image,猎奇,裹小脚的女人...
http://wx2.sinaimg.cn/mw690/5eef6257gy1fuuzttz3lmg2082082qv5.gif,image,牛人,牛了个逼 ！！这不是跳，这是在飞！！
http://wx3.sinaimg.cn/mw690/5eef6257gy1fuw4cd9l74g209w05k7wh.gif,image,车祸,骑摩托看手机追尾前车，摔倒后不忘看手机，送你一个大写的“服
http://wx2.sinaimg.cn/large/9bd522c1ly1fuksnpcqrug2065082kjn.gif,image,邪恶,这是被榨干了吗……
http://wx1.sinaimg.cn/mw690/5eef6257gy1fup45mug7hg20a00dhtxc.gif,image,仓鼠,再也不觉得仓鼠可爱了…
http://wx3.sinaimg.cn/mw690/5eef6257gy1fuo185cv3zg204s06yx6p.gif,image,高手在民间,把平凡的东西做的有价值这才是艺术
http://wx3.sinaimg.cn/mw690/5eef6257gy1fukih0z3zgg206y06yu0x.gif,image,福利,明人不说暗话 我喜欢爱运动的女生
http://wx3.sinaimg.cn/mw690/5eef6257gy1fujbcjs29vg205v09qx6p.gif,image,伤不起,网恋了半年的女朋友，约好一起去旅行，我现在要不要下车…？
http://wx4.sinaimg.cn/large/9bd522c1ly1fufiuvejawg208c08chdt.gif,image,汪星人,目瞪狗呆：下……下一个是我了吗？
http://wx4.sinaimg.cn/mw690/5eef6257gy1fufwxljlb4g206v097npd.gif,image,给力,这个厉害，不得不佩服你的平衡能力！
http://wx2.sinaimg.cn/mw690/5eef6257gy1fudnkytv00g209604tx6p.gif,image,城会玩,360度旋转的舌头 谁能做到！
http://wx3.sinaimg.cn/mw690/5eef6257gy1fub8cr12s1g206r08wqv5.gif,image,城会玩,据说只有1%的人能做到动作
http://wx2.sinaimg.cn/mw690/5eef6257gy1fub8hljholg2046073x6p.gif,image,萌妹子,这么可爱，会不会是男孩子呢
http://wx4.sinaimg.cn/mw690/5eef6257gy1fu8xp9hjmmg208m08ix6p.gif,image,涨姿势,上班追剧再也不怕被领导逮着了
http://wx3.sinaimg.cn/mw690/7e2b9114gy1fu7rrou06yg207e05kx6p.gif,image,不忍直视,神龙现世，就问你怕不怕
http://wx4.sinaimg.cn/mw690/7e2b9114gy1fu7rrdfz2mg20550aax6p.gif,image,涨姿势,原来麻将是这样搞成的
http://wx4.sinaimg.cn/mw690/7e2b9114gy1fu6jyqrza2g206o0b44qp.gif,image,装逼,骚年装逼未遂，杯具了！
http://wx2.sinaimg.cn/large/5eef6257gy1ftz7djq71vg206a0b4x6r.gif,image,变魔术,当韩国组合学会了小魔术....
http://wx3.sinaimg.cn/mw690/7e2b9114gy1ftzowtzobmg207z06yx6p.gif,image,不明觉厉,我要有钱也买一辆这样的车
http://wx4.sinaimg.cn/mw690/7e2b9114gy1ftv1opwc8ag204p08cu0x.gif,image,逗比,哈哈哈...主持人这蹲功可厉害了
http://wx2.sinaimg.cn/mw690/7e2b9114gy1ftv1p170ebg2082078u0x.gif,image,羊,羊生如戏，全靠演技。
http://wx3.sinaimg.cn/mw690/5eef6257gy1ftsu0m8zhlg206q0b4x6p.gif,image,涨姿势,戒指取不下来怎么办？一个取下戒指的小技巧
http://wx2.sinaimg.cn/mw690/5eef6257gy1ftrl236hh9g20690b4x6p.gif,image,逗比,单身久了自己跟自己好上了
http://wx1.sinaimg.cn/mw690/5eef6257gy1fto3w69488g204o08cx6p.gif,image,不忍直视,看得鸡皮疙瘩都起来了
http://wx2.sinaimg.cn/mw690/5eef6257gy1fto3xz5xxsg2067060hdt.gif,image,福利,我只看了30多遍而已
http://wx1.sinaimg.cn/mw690/d54a1fa7ly1ftkzpyl2ngg208c0af1l1.gif,image,化妆,恶魔特效化妆，有点意思....
http://wx1.sinaimg.cn/mw690/7e2b9114gy1ftlsmv4m0jg206w05qe81.gif,image,福利,爱学习的妹纸最美丽
http://wx4.sinaimg.cn/mw690/c93c417cly1ftis6a20xrg20cc06xu0x.gif,image,不明觉厉,二氧化碳灭火
http://wx2.sinaimg.cn/mw690/7e2b9114gy1ftgbmcyfx2g205u08cx6p.gif,image,杯具,大叔们有独特的卸水泥管方法
http://wx2.sinaimg.cn/mw690/7e2b9114gy1ftdzryjz7bg20bf0624om.gif,image,逗比,这个是....朱元璋重生了？
http://wx3.sinaimg.cn/mw690/7e2b9114gy1ftdzrlk3zdg2064094x6p.gif,image,逗比,我感觉我智商受到了侮辱
http://wx2.sinaimg.cn/mw690/7e2b9114gy1ftckwwdkscg208w08wkjl.gif,image,鳄鱼,白色鳄鱼？你见过么？
http://wx3.sinaimg.cn/mw690/7e2b9114gy1ftckwln59bg204p07gx6p.gif,image,牛逼,原来演技最好的人并不在舞台中央
http://wx2.sinaimg.cn/mw690/7e2b9114gy1ft7xmt7mi9g205808mx6p.gif,image,不忍直视,这大概就是刚进入监狱被欺负的样子
http://wx3.sinaimg.cn/mw690/7e2b9114gy1ft4jouqnv5g206e06yx6p.gif,image,屌炸天,后弯腰取苹果！这腰力也是无敌了
http://wx3.sinaimg.cn/mw690/7e2b9114gy1ft4iwri0geg206i08cx6p.gif,image,不明觉厉,同样是骨质疏松为什么你的那么松
http://wx2.sinaimg.cn/mw690/7e2b9114gy1fsyrmiadadg205n09qx6p.gif,image,哈士奇,看看这二给纯不纯！
http://wx2.sinaimg.cn/mw690/9bd522c1ly1ft1fz15vwrg206o072x6p.gif,image,涨姿势,所以说长得好看怎么拍都时尚
http://wx3.sinaimg.cn/mw690/5eef6257gy1fsvi1uyth6g205e07sx6p.gif,image,注定孤独一生,虽飞机已起飞，但机长已卒。
http://wx3.sinaimg.cn/mw690/5eef6257gy1fsvb4y0imag208c04o7wh.gif,image,不明觉厉,毛子索马里打海盗，太狠了啊…
http://wx4.sinaimg.cn/mw690/5eef6257gy1fspmafc0v5g2078073he0.gif,image,整人,太坏了！真要把人吓出心脏病怎么办
http://wx3.sinaimg.cn/mw690/5eef6257gy1fsn6vx2wgng206c09qqv5.gif,image,化妆,她拿针戳进鼻子的瞬间，我真的尖叫出来了
http://wx2.sinaimg.cn/mw690/5eef6257gy1fsn6t7v8nrg2064094u0x.gif,image,喵星人,当喵星人遇到榴莲后
http://wx4.sinaimg.cn/mw690/5eef6257gy1fsjrzz85ocg208d08cu0x.gif,image,内涵,据说这是婚前VS婚后！
http://wx2.sinaimg.cn/mw690/5eef6257gy1fshhhyaagrg206w06z7wh.gif,image,逗比,这个发型的设计理念是…
http://wx4.sinaimg.cn/mw690/5eef6257ly1fsf1zamt3hg206e07rx6p.gif,image,不明觉厉,看起来这头应该挻值钱的
http://wx2.sinaimg.cn/mw690/5eef6257ly1fse5raf6i3g206i08ee81.gif,image,不明觉厉,科技的发展可能会导致了艺术家的失业
http://wx2.sinaimg.cn/mw690/5eef6257gy1fs97y9rz8fg205h08akjl.gif,image,囧,无笛是多么寂寞
http://wx2.sinaimg.cn/mw690/5eef6257gy1fs772qudsjg205707ix6p.gif,image,伤不起,没什么不对啊，这鱼和图片上一样大
http://wx4.sinaimg.cn/mw690/5eef6257gy1fs4qdo9d0wg207c09qx6p.gif,image,不明觉厉,你知道为什么多了一块钱吗？
http://wx4.sinaimg.cn/mw690/5eef6257gy1fs19w0pvyug206708wnpd.gif,image,伤不起,灵堂钢管舞，里面的人会不会被气活呢
http://wx1.sinaimg.cn/mw690/5eef6257gy1fryvlu733gg206e09ex6p.gif,image,卧槽,卧槽！这是个什么操作？
http://wx3.sinaimg.cn/mw690/5eef6257gy1fryvmezqkcg208g09tnpd.gif,image,注定孤独一生,换女朋友的正确示范
http://wx4.sinaimg.cn/large/d54a1fa7ly1frsdz8gw33g20b806dqv8.gif,image,猎奇,牛尿洗头，营养护发
http://wx4.sinaimg.cn/mw690/5eef6257gy1frqwf9vvnug206a0b47wj.gif,image,喵星人,喵星人：不行不行，这榴莲太上头了
http://wx1.sinaimg.cn/large/d54a1fa7ly1frml6zynsmg20dc07eu0z.gif,image,大象,逗你们玩呢，看你们紧张的
http://wx4.sinaimg.cn/mw690/5eef6257gy1frnbwkfihkg206e093hdt.gif,image,,知道这么吃方便面的，都已经老了
http://wx3.sinaimg.cn/mw690/5eef6257gy1frjycvvdw4g206f06vb29.gif,image,伤不起,刚买的杯子，喝了一天，愣是没看到。会不会…
http://wx2.sinaimg.cn/mw690/5eef6257gy1frisnhz1a9g205i09qu0x.gif,image,杯具,不好好洗车，秀什么身材
http://wx2.sinaimg.cn/mw690/5eef6257gy1frisjt7bggg204v07be81.gif,image,奇葩,这酒吧门口设计很吸引人呢
http://wx1.sinaimg.cn/mw690/5eef6257gy1frcwyrymdgg20620b4u0x.gif,image,熊孩子,还是生女儿好点啊
http://wx2.sinaimg.cn/large/9bd522c1gy1fr8mrw67p5g20b40681kx.gif,image,喵星人,那条鱼这么长，这么宽，它就这样跑，我就这样追
http://wx1.sinaimg.cn/mw690/5eef6257gy1fratkk6t7ag208c05au0x.gif,image,碰瓷,这种演技基本告别碰瓷了
http://wx3.sinaimg.cn/mw690/5eef6257gy1fr8exw6tefg209u05ku0x.gif,image,牛逼,这位女调酒师太有才能了，如果换了我，至少一天打碎500只杯子…
http://wx4.sinaimg.cn/large/d54a1fa7ly1fr5b95nx0lg206y0bu4qu.gif,image,猎奇,Party Hard！膝反曲畸形..
http://wx4.sinaimg.cn/mw690/5eef6257gy1fr4uosji8eg205k07hx6p.gif,image,伤不起,安西教练表示很生气
http://wx3.sinaimg.cn/large/d54a1fa7ly1fr2z3xuwnyg20ak081u0z.gif,image,车祸,差一点，刚刚好~
http://wx4.sinaimg.cn/mw690/5eef6257gy1fr2itb84q1g206y08onpd.gif,image,牛逼,这是又什么骚操作
http://wx3.sinaimg.cn/mw690/5eef6257gy1fqws0fupl0g206e0b4qv5.gif,image,不忍直视,现在的视频也不能信了，假的，全是假的！
http://wx3.sinaimg.cn/mw690/5eef6257gy1fqwsx50tmcg207v0dwe83.gif,image,邪恶,不就洗个脚吗！干嘛关灯呀
http://wx1.sinaimg.cn/mw690/5eef6257gy1fqsd29lfn7g206y09bnpd.gif,image,风骚,再骚的王者也怕丈母娘
http://wx2.sinaimg.cn/large/5eef6257gy1fqptq1ok2og205806yx6p.gif,image,涨姿势,据说女朋友生气了要这样哄？？
http://wx2.sinaimg.cn/mw690/5eef6257gy1fqptrdm85bg205k07tx6p.gif,image,奇葩,现在的拍照软件都这么厉害的吗
http://wx2.sinaimg.cn/mw690/5eef6257gy1fqnkcggsaag205c087npd.gif,image,伤不起,烤榴莲？你不怕邻居们敲门打你么
http://wx4.sinaimg.cn/large/85972563ly1fqls31xo7ag208w0501l6.gif,image,喵星人,人家都说不要了啦~ ​​​​
http://wx4.sinaimg.cn/mw690/5eef6257gy1fqme4l0o21g206o0bux6p.gif,image,城会玩,哈哈兄弟，待会桌上见
http://wx1.sinaimg.cn/mw690/5eef6257gy1fqme0cgl6mg207s09ohdt.gif,image,屌丝,仿佛看到了年少的自己
http://wx4.sinaimg.cn/mw690/5eef6257gy1fqhrja3613g204607j1ky.gif,image,喵星人,网友家的猫两年之间的变化[3P]
http://wx3.sinaimg.cn/mw690/5eef6257gy1fqfpmp8k4og206g0a4x6p.gif,image,螃蟹,休想让我温驯的走进那个良液
http://wx4.sinaimg.cn/mw690/5eef6257gy1fqeaf5v3ubg20640a5u0x.gif,image,万万没想到,前面有位漂亮的小姐姐，要不要过去撩一下
http://wx2.sinaimg.cn/mw690/5eef6257gy1fqeaiwpehsg205806yb29.gif,image,,长大了，这样的兄弟就越来越少了
http://wx4.sinaimg.cn/mw690/5eef6257gy1fq66e62xryg205t0abhdt.gif,image,汪星人,辛苦了，我拿走了
http://wx3.sinaimg.cn/mw690/5eef6257gy1fq66heymudg206407pe4c.gif,image,不忍直视,这么萌的妹子肯定很多人喜欢
http://wx1.sinaimg.cn/mw690/9bd522c1gy1fpyihqsvurg20dw0dwhdw.gif,image,丧心病狂,丧心病狂的主人，将狗狗从飞机上抛下
http://wx4.sinaimg.cn/large/ab53832cgy1fpwcfmihvrg206308he84.gif,image,哈士奇,二哈：无奈有什么用，谁让自己摊上了一个二货主人
http://wx2.sinaimg.cn/mw690/5eef6257gy1fpumirce9qg209q05hx6p.gif,image,整人,这几位姑娘你们是认真的吗
http://wx2.sinaimg.cn/mw690/d54a1fa7ly1fplwi6jawkg20cc08v7wk.gif,image,日本,日本小哥的完美时机！胆量、技巧，还有对时间把握的的终极产物！
http://wx3.sinaimg.cn/mw690/5eef6257gy1fplamu17okg205o083x6p.gif,image,熊孩子,哈哈哈稳中带皮
http://wx4.sinaimg.cn/mw690/5eef6257gy1fplaom8k9rg208c04lqv5.gif,image,喵星人,婚前 VS 结婚以后，很形象了
http://wx1.sinaimg.cn/mw690/5eef6257gy1fpj2bkghscg208c04px6p.gif,image,邪恶,卧槽！竟然还有这种平衡车！
http://wx4.sinaimg.cn/mw690/5eef6257gy1fphxw7dv22g208d05kx6p.gif,image,伤不起,四驱车就是厉害没事可以骑个球玩
http://wx2.sinaimg.cn/mw690/5eef6257gy1fphxujwzqag208w0b2b29.gif,image,涨姿势,最新惩罚男友方式，跪电子秤，你说几斤就几斤
http://wx3.sinaimg.cn/mw690/5eef6257gy1fpdgucmtubg205607gx6p.gif,image,牛逼,厉害了，现在没点绝活都干不了服务生！[3P]
http://wx2.sinaimg.cn/mw690/5eef6257gy1fpdgp70rjqg205w06tqtl.gif,image,哈士奇,二哈：MDZZ，这该不会是个傻子吧
http://wx1.sinaimg.cn/mw690/5eef6257gy1fp9z60n0lrg209q06mu0x.gif,image,给力,没错，这是我想要的越野车！
http://wx2.sinaimg.cn/large/d54a1fa7ly1fp3dg9neqmg20dk07n7wk.gif,image,奇葩,最强改造变性人
http://wx2.sinaimg.cn/mw690/5eef6257gy1fp5clq4b8yg206i070x6p.gif,image,伤不起,蛋蛋都凉了…… ​​​​
http://wx4.sinaimg.cn/mw690/5eef6257gy1fp224xmvhxg204z06unpd.gif,image,不作死就不会死,原来口红可以这样玩，回家试试
http://wx2.sinaimg.cn/mw690/5eef6257gy1foyg7fddrgg207i060x6p.gif,image,不作死就不会死,请小盆友们不要在机动车道上作死
http://wx3.sinaimg.cn/mw690/5eef6257gy1fovvfrc11rg207q09su0x.gif,image,女司机,专用停车位也救不了某些女司机
http://wx2.sinaimg.cn/large/d54a1fa7ly1fov2gbq6esg20a00hskjm.gif,image,蟑螂,真爱的表达方式
http://wx4.sinaimg.cn/mw690/5eef6257gy1fosj76txdkg20b405k7wh.gif,image,车祸,这次小电动和公交车的刹车都已超神
http://wx3.sinaimg.cn/mw690/5eef6257gy1foqh0t9lb7g207806hx6p.gif,image,伤不起,春节假期过后的你
http://wx1.sinaimg.cn/mw690/5eef6257gy1foltoqrpeng205908fe81.gif,image,逗比,我的辣条，谁也不能碰
http://wx4.sinaimg.cn/mw690/5eef6257gy1foin3fwqbdg20b405rx6p.gif,image,车祸,看了几遍也没看出来电动车到底哪来的
http://wx3.sinaimg.cn/mw690/d54a1fa7ly1fo84ntkqfwg209q0b3x6p.gif,image,杯具,喷泉的力气有点大
http://wx1.sinaimg.cn/mw690/5eef6257gy1fo5dvhgqisg206209qx6p.gif,image,卧槽,卧槽！卧槽！这是什么个情况
http://wx3.sinaimg.cn/mw690/5eef6257gy1fo331chi49g205k099u0x.gif,image,不忍直视,看完你还敢去整容了吗？
http://wx3.sinaimg.cn/mw690/5eef6257ly1fo0rs3ny0rg2096054x6p.gif,image,游戏,终于知道为什么那么多男人喜欢玩古墓丽影了
http://wx2.sinaimg.cn/mw690/5eef6257ly1fnx90u3bstg205j08cx6p.gif,image,骚年,现在小学生一个比一个骚
http://wx4.sinaimg.cn/mw690/5eef6257ly1fntyba01qqg20bo05kx6p.gif,image,猪,来自二师兄的最后反击...
http://wx2.sinaimg.cn/large/6f7d5f7dly1fnpg0kwjsog205s06ab29.gif,image,汪星人,说，车灯是不是你给啃掉了？
http://wx1.sinaimg.cn/large/d54a1fa7ly1fnoa5smedig208c0afu0y.gif,image,熊孩子,合影小意外
http://wx4.sinaimg.cn/mw690/5eef6257gy1fnp4shiof3g20dw0dw1kx.gif,image,涨姿势,当一个人失去了全部牙齿，会发生什么！
http://wx4.sinaimg.cn/large/d3232bc8ly1fnjzuy8w0dg206q04fu0x.gif,image,囧,儿子在幼儿园总说吃不饱的原因
http://wx1.sinaimg.cn/mw690/5eef6257gy1fnh98wcpvfg20b4068npd.gif,image,尴尬,教你一个刘海做法
http://wx4.sinaimg.cn/mw690/5eef6257gy1fnbksjr6fug209q055npd.gif,image,涨姿势,电视剧里的追火车是这样拍的
http://wx1.sinaimg.cn/mw690/5eef6257gy1fn8zoddbb2g206v09qx6p.gif,image,城会玩,不是我吹，这个我能玩到他们破产
http://wx3.sinaimg.cn/large/9bd522c1gy1fn429nwz8sg2052086npe.gif,image,福利,我们不一样真的不一样！
http://wx3.sinaimg.cn/mw690/5eef6257gy1fmxljw82q7g208305k1kx.gif,image,龟,这龟孙这么嚣张的吗，直接下来一嘴毛
http://wx2.sinaimg.cn/mw690/5eef6257gy1fmva8bntmtg205n0a0npd.gif,image,战斗民族,战斗民族的日常！
http://wx4.sinaimg.cn/mw690/5eef6257gy1fmqet4l6cng209q0ck7t5.gif,image,伤不起,听说这是内双妹子心里的痛，原谅我不厚道地笑了哈哈哈哈[4P]
http://wx4.sinaimg.cn/large/5eef6257gy1fmlurpep1lg205007okjl.gif,image,懵逼,回头一看，傻了，一脸懵逼~
http://wx3.sinaimg.cn/mw690/5eef6257gy1fmg0koq6nmg20b705vx6p.gif,image,车祸,真正的与死神擦肩而过，命真大
http://wx1.sinaimg.cn/mw690/5eef6257gy1fmcwmgrw6pg2092076kfb.gif,image,不忍直视,头发才是显脸小的神器啊
http://wx3.sinaimg.cn/mw690/5eef6257gy1fm89jvt0sng205k055x6p.gif,image,逗比,是时候施展真功夫了
http://wx2.sinaimg.cn/mw690/5eef6257gy1fm3gqu8bmwg205908cx6p.gif,image,2b青年欢乐多,这突如其来的温柔真是让人承受不住……
http://wx1.sinaimg.cn/mw690/5eef6257gy1flxuk2v0mbg208904whdt.gif,image,大爷,两位大爷都是君子~因为君子动口不动手
http://wx1.sinaimg.cn/mw690/5eef6257gy1flvc119wu5g207b06tx6p.gif,image,万万没想到,给大家演示一下，商务车车门的防夹功能
http://wx1.sinaimg.cn/mw690/5eef6257gy1flpkje971pg20640a7x6p.gif,image,奇葩,卧槽！还有这种操作？
http://wx1.sinaimg.cn/mw690/5eef6257gy1flownqcrcjg205008w1kx.gif,image,逗比,就不能带上我一起跳吗！ 这把我摔的！
http://wx4.sinaimg.cn/mw690/5eef6257gy1flfoz0im2hg20bc06eki3.gif,image,汪星人,如何让暴怒的女友不咬死自己
http://ww4.sinaimg.cn/mw690/a69337f3jw1exnvyxw2z8g208c04p4qp.gif,image,涨姿势,围巾的各种围法，围巾的时尚系法[9P]
http://wx3.sinaimg.cn/mw690/5eef6257gy1fl4m7tsp3wg2082062kjl.gif,image,奇葩,大哥您看，我们服务这么好，这个手机就买了吧
http://wx1.sinaimg.cn/mw690/5eef6257gy1fl021ueip2g207x09okjl.gif,image,2b青年欢乐多,我朋友有手的时候，比他吊很多
http://wx2.sinaimg.cn/mw690/d54a1fa7ly1fkvrpw8qrxg20b40cze83.gif,image,不作死就不会死,印度青年火车上作死，大概也真死了...[2P]
http://wx4.sinaimg.cn/mw690/5eef6257gy1fkruj2svxag206y0a7x6p.gif,image,高手在民间,无他 唯手熟尔
http://wx2.sinaimg.cn/mw690/5eef6257gy1fkmjx4ucc0g20ak05yqv8.gif,image,伤不起,晚上回宿舍的你，扎心了
http://wx4.sinaimg.cn/mw690/d54a1fa7ly1fkhno9tln5g209q0auu0z.gif,image,猎奇,蜻蜓的脱壳！最后翅膀伸开的样子很赞啊~
http://wx2.sinaimg.cn/mw690/5eef6257gy1fke7mt5ceug206c06tx6p.gif,image,泰迪,这只泰迪成精了
http://wx2.sinaimg.cn/mw690/9bd522c1gy1fk8nytju0lg209q05bkjq.gif,image,喵星人,粘人的小妖精
http://wx3.sinaimg.cn/mw690/5eef6257gy1fk5gc19djmg206r0b4x6p.gif,image,牛逼,这气场隔着屏幕让我后退了三步
http://wx4.sinaimg.cn/mw690/5eef6257gy1fk0ei28yvqg206e06ex6p.gif,image,伤不起,在男朋友面前永远不能暴露本性，但东西还是这样吃爽啊
http://wx2.sinaimg.cn/mw690/5eef6257gy1fjvja0z8qjg206807o1kx.gif,image,鱼,被异族包围的绝望~
http://wx2.sinaimg.cn/mw690/5eef6257gy1fjptx8rpydg208c077x6p.gif,image,喵星人,潜行撸猫侠
http://wx2.sinaimg.cn/mw690/5eef6257gy1fjngb3y1o9g205008wkjo.gif,image,萌物,本以为你们只是准备默默地用眼神震慑我，结果没想到
http://wx1.sinaimg.cn/mw690/5eef6257gy1fjfgiuvrspg207i0b4e81.gif,image,逗比,孩子：粑粑我是隔壁的吧！
http://wx3.sinaimg.cn/mw690/d54a1fa7ly1fjaxxw9slag20cc0ccnpe.gif,image,猎奇,猎奇化妆术，只需要一个黑色背景，脸都没了~~
http://wx3.sinaimg.cn/mw690/5eef6257gy1fj7bf1ntc9g208q06me81.gif,image,萌物,别吃啦！都快吃成猪了
http://wx1.sinaimg.cn/mw690/d54a1fa7ly1fj1ruauv6mg206e0a4u10.gif,image,蛇,生小蛇的过程
http://wx3.sinaimg.cn/mw690/5eef6257gy1fj0cuc589ug205007uqv5.gif,image,重口味,岛国的榨汁机
http://wx3.sinaimg.cn/mw690/5eef6257gy1fivqo7bqylg206g08we81.gif,image,不明觉厉,难道这是聚鱼伞？
http://wx3.sinaimg.cn/mw690/5eef6257gy1fir3w0qyq0g207k0cku0x.gif,image,二货,兄弟，你这智商基本告别开车了
http://wx1.sinaimg.cn/mw690/a69337f3ly1fij2cebggcg2068097npg.gif,image,喵星人,天下武功，唯快不破！！！这操作太6了
http://wx1.sinaimg.cn/mw690/9bd522c1gy1fih15dkejwg20ah05c1l0.gif,image,重口味,牙结石，这个怕是几十年的存货了
http://wx3.sinaimg.cn/mw690/d54a1fa7ly1ficf90axl7g20ak05ynpg.gif,image,青蛙,小丑蛙吃老鼠
http://wx3.sinaimg.cn/mw690/9bd522c1gy1fi6z1289rlg209o04yx6q.gif,image,卧槽,卧槽啊，一转身这车就不见了！好快呀
http://wx3.sinaimg.cn/mw690/c1a3c815ly1fhqt4vlnesg20eq08me81.gif,image,尴尬,警察：一定是我打开的方式不对，重新来 重新来！
http://wx4.sinaimg.cn/mw690/9bd522c1gy1fi0wymzfgsg20a00a07wr.gif,image,汪星人,过了一个月暑期生活的你，好无聊啊好无聊啊！
http://wx3.sinaimg.cn/mw690/5eef6257gy1fhzdndy2vrg206x07bu0x.gif,image,羊,连头羊都比你喝的多
http://wx1.sinaimg.cn/mw690/d54a1fa7ly1fhwb475oawg20cc056qv5.gif,image,车祸,忘记拉手刹的严重后果
http://wx2.sinaimg.cn/mw690/5eef6257gy1fhusczix39g20b407aqv5.gif,image,哈士奇,狼：我的内心毫无波澜，甚至还想吃了那傻货
http://wx3.sinaimg.cn/mw690/d54a1fa7gy1fhp825he4dg20ak064qv8.gif,image,蚂蚁,蚂蚁球好好玩，如果是那种咬人的蚂蚁就更爽了，过一会手就红肿
http://wx3.sinaimg.cn/mw690/5eef6257gy1fhmoajwhjpg207d08cu0x.gif,image,内涵,真是的，她脚崴了你还按车钥匙
http://wx3.sinaimg.cn/mw690/5eef6257gy1fhi18uwk69g206e08ckjl.gif,image,伤不起,当你徒步爬很高的山以后，下山时都是这样
http://wx2.sinaimg.cn/mw690/5eef6257gy1fhfqix7litg206s09gx6p.gif,image,熊孩子,传说中的读望天书
http://wx4.sinaimg.cn/mw690/5eef6257gy1fhdu6hcft0g205k08unpd.gif,image,蛮拼的,这么结实的袜子，走过路过不要错过了
http://wx1.sinaimg.cn/mw690/5eef6257gy1fh8sb2w8aog206407nx6s.gif,image,牛逼,搬砖界的战斗机
http://wx4.sinaimg.cn/mw690/5eef6257gy1fh6kh0adzig20ak09cx6p.gif,image,邪恶,大狗：兄...兄弟，你慢点，我颈椎不好
http://wx4.sinaimg.cn/mw690/5eef6257gy1fh1tughr80g20av06gqv5.gif,image,喵星人,哎呀！我被你萌翻了
http://wx2.sinaimg.cn/mw690/d54a1fa7ly1fgzscqi17ag20ak05tkjm.gif,image,车祸,摩托车车祸，太惨！[13P]
http://wx1.sinaimg.cn/mw690/5eef6257gy1fgyhcmit5fg20a006chdu.gif,image,车祸,大爷被大货车碾碎半身，司机没有停车反而继续将其碾死
http://wx1.sinaimg.cn/mw690/5eef6257gy1fgux53z8zag206o080e81.gif,image,西瓜,到底是冬瓜整了容还是西瓜变了心
http://wx2.sinaimg.cn/mw690/5eef6257gy1fgslmqyrwug2064064qva.gif,image,喵星人,我反手就是一……大口亲亲
http://wx3.sinaimg.cn/mw690/d54a1fa7ly1fgp7ri907ag208o06ahdu.gif,image,鳄鱼,用头挑战鳄鱼的下场
http://wx2.sinaimg.cn/mw690/d54a1fa7ly1fgjasfizreg20a0089x6r.gif,image,车祸,乘客突抢方向盘要自杀...
http://wx2.sinaimg.cn/mw690/5eef6257gy1fgidenb1h1g20b405ox6p.gif,image,女司机,你无法想像的女司机拐弯....
http://wx4.sinaimg.cn/mw690/5eef6257gy1fgdhlo3xfqg207s0507wk.gif,image,不忍直视,轮胎有鼓包不能乱碰
http://wx4.sinaimg.cn/mw690/5eef6257gy1fga2x1sdytg209j064kjl.gif,image,老虎,老虎看到他下车腿都软了，那可是一个俄罗斯人
http://wx4.sinaimg.cn/mw690/006x1BNtgy1fg85j52pjdg30a905q4qu.gif,image,涨姿势,教大家如何正确的剥瓜子[3P]
http://wx1.sinaimg.cn/mw690/9bd522c1gy1fg1c2pk5gyg208d05khdt.gif,image,城会玩,大妈在健身器材上玩出了新花样
http://wx3.sinaimg.cn/mw690/d54a1fa7ly1ffyyl0dd80g20ak05yx6q.gif,image,摔跤,年度最佳摔跤技巧
http://wx3.sinaimg.cn/mw690/5eef6257gy1ffw7vde9e4g208c088qv5.gif,image,城会玩,又学会一招作弊新技能！
http://wx4.sinaimg.cn/mw690/5eef6257gy1ffrnmizs1bg209q06zx6p.gif,image,城会玩,他曾经是个王者后来汽车来了
http://wx4.sinaimg.cn/mw690/5eef6257gy1ffqf85vtrpg207s04d7wk.gif,image,鸡,求这只鸡的心理阴影面积
http://wx3.sinaimg.cn/mw690/5eef6257gy1ffnelkpphvg209906yhdu.gif,image,不作死就不会死,歪果仁就是能作死，这脸还能要么
http://wx1.sinaimg.cn/mw690/5eef6257gy1ffltf0kbdog204q05d1kx.gif,image,碉堡,铁头功的日常修炼
http://wx3.sinaimg.cn/mw690/5eef6257gy1ffikdhu22dg207u07wb2a.gif,image,汪星人,一个人的时候，也要注意锻炼身体
http://wx1.sinaimg.cn/mw690/d54a1fa7ly1ffapu7g9svg20dw07tu0z.gif,image,不忍直视,你们的誓言令我恶心
http://wx1.sinaimg.cn/mw690/9bd522c1gy1ff7n19unw7g208w08wqvi.gif,image,汪星人,机器人大战狗头
http://wx2.sinaimg.cn/mw690/5eef6257gy1fezwa6a14dg20b4065x6p.gif,image,装逼,现在的偶像剧都流行这么装逼了？
http://wx2.sinaimg.cn/mw690/5eef6257gy1fevdn14eueg20ak05qkjm.gif,image,抢劫,俩抢劫犯对路人下手，不小心枪走火打死同伴
http://wx1.sinaimg.cn/mw690/5eef6257gy1fers7kitzkg20bq08enpe.gif,image,车祸,太可怕了，这里出了事都没人知道
http://wx3.sinaimg.cn/mw690/a69337f3ly1fekv0h07gyg208w06o4qq.gif,image,涨姿势,梦幻般的折纸速度，太快了，你能看懂一个，算我输！[9P]
http://wx3.sinaimg.cn/mw690/5eef6257gy1fem9ej96fsg204l08cx6q.gif,image,给力,妹子太空步练得很不错啊
http://wx2.sinaimg.cn/mw690/d54a1fa7ly1feffmo0kr5g20ak05y4qq.gif,image,好玩的,原来还能这么玩！
http://wx2.sinaimg.cn/mw690/9bd522c1gy1fei9bvwb79g20a009y4qx.gif,image,好玩的,好担心如果玻璃碎了怎么办…
http://wx2.sinaimg.cn/mw690/5eef6257gy1fehddd44ztg20a005mx6p.gif,image,喵星人,曾经我是狼，被猫虐成哈士奇
http://wx4.sinaimg.cn/mw690/a69337f3ly1fedvblv3o5g20ao060b29.gif,image,万万没想到,画风突变....措不及防
http://wx1.sinaimg.cn/mw690/5eef6257gy1fecsfij0ufg20b405sql2.gif,image,吓尿了,好险，幸好货车是空车
http://wx3.sinaimg.cn/mw690/5eef6257gy1fe5vevbnncg206b0b4x6p.gif,image,不明觉厉,这个是鸡蛋玩具？
http://wx1.sinaimg.cn/mw690/d54a1fa7ly1fe1ktw33kvg209y04ru0x.gif,image,杯具,脚手架碰到高压电线的后果，电烤.....
http://wx4.sinaimg.cn/mw690/a69337f3ly1fdy8adkgw9g207n07nx6r.gif,image,萌物,一网友家刚出生的法斗小baby，圆滚滚的，萌爆惹！[3P]
http://wx3.sinaimg.cn/mw690/5eef6257gy1fdz03yvohdg20690b4u0x.gif,image,汪星人,哈哈哈哈....能体会到汪星人瞬间的绝望
http://wx2.sinaimg.cn/mw690/d54a1fa7ly1fds8jdmeopg208w08wnpg.gif,image,化妆,爆眼球特效化妆！
http://wx3.sinaimg.cn/mw690/9bd522c1gy1fdo8lpfbi0g207b05k1kz.gif,image,逗比,对，帮我弄个这样的发型
